Model,best_params,cv_rmse_mean,cv_rmse_std,train_rmse,test_rmse,test_mae,test_r2,overfitting_ratio,regularization
RandomForest,"{'regressor__max_depth': 5, 'regressor__min_samples_split': 5, 'regressor__n_estimators': 50}",8.202328081363328,1.1175949805338503,7.4226905389857345,8.08889340259222,7.345645144870876,0.04266458665857675,1.0897522077887296,Ensemble averaging + tree constraints
XGBoost,"{'regressor__learning_rate': 0.1, 'regressor__max_depth': 3, 'regressor__n_estimators': 50, 'regressor__reg_alpha': 0.1, 'regressor__reg_lambda': 2.0}",8.27778472644144,1.2745148019723584,7.459249855956048,8.136370318517518,7.348345226711697,0.031393645977048856,1.0907759460585442,L1/L2 regularization + gradient boosting controls
ElasticNet,"{'regressor__alpha': 1.0, 'regressor__l1_ratio': 0.1}",8.32138064923293,1.3310308754202576,8.287935009431736,8.234676232056517,7.509048688422517,0.00784629881113319,0.9935739388261839,L1 + L2 - Combined benefits
Ridge,{'regressor__alpha': 1000.0},8.31782160226991,1.3861033154607123,8.268233865664989,8.236731433133972,7.511703618243767,0.00735099583788601,0.996189944183626,L2 - Shrinks coefficients smoothly
Lasso,{'regressor__alpha': 0.1},8.321364490951325,1.416289329360943,8.2648649188949,8.240201855548491,7.52198116170852,0.006514344281997153,0.9970159145263191,L1 - Feature selection via sparsity
SVR,"{'regressor__C': 0.1, 'regressor__epsilon': 0.2, 'regressor__kernel': 'rbf'}",8.79499211571054,1.8467346871342563,8.725802880342538,8.795710496740341,7.309753831797251,-0.13195132716579794,1.0080115970251047,Complexity parameter C + epsilon-insensitive
