Model,best_params,cv_rmse_mean,cv_rmse_std,train_rmse,test_rmse,test_mae,test_r2,overfitting_ratio,regularization
XGBoost,"{'regressor__learning_rate': 0.1, 'regressor__max_depth': 3, 'regressor__n_estimators': 50, 'regressor__reg_alpha': 0, 'regressor__reg_lambda': 2.0}",25.8454655541268,6.971330739050582,23.88740420000305,25.04882754323194,19.555061774954506,0.2983999093615394,1.0486207431123362,L1/L2 regularization + gradient boosting controls
RandomForest,"{'regressor__max_depth': 5, 'regressor__min_samples_split': 10, 'regressor__n_estimators': 100}",25.662575570142323,7.306025508638057,23.45428823647227,25.052000247060434,19.4097668181656,0.298222167687899,1.068120251379177,Ensemble averaging + tree constraints
SVR,"{'regressor__C': 10.0, 'regressor__epsilon': 0.2, 'regressor__kernel': 'rbf'}",29.34680038203169,6.92148563766337,26.695696570961832,28.293055539391503,22.825198136897928,0.10489386201563955,1.0598358227583091,Complexity parameter C + epsilon-insensitive
ElasticNet,"{'regressor__alpha': 0.1, 'regressor__l1_ratio': 0.1}",29.443083771907276,6.376256200527569,29.246228167343332,28.807047917230943,23.968977741610544,0.07207614204676105,0.9849833541747861,L1 + L2 - Combined benefits
Ridge,{'regressor__alpha': 100.0},29.446546382327348,6.373525557830374,29.242726982440928,28.808305409828666,23.95862575164285,0.07199512834109045,0.9851442865477931,L2 - Shrinks coefficients smoothly
Lasso,{'regressor__alpha': 1.0},29.430845168159355,6.4787674295831446,29.338888553221828,28.91994536526206,24.07693119743639,0.06478865335369122,0.9857205501428662,L1 - Feature selection via sparsity
