Model,best_params,cv_rmse_mean,cv_rmse_std,train_rmse,test_rmse,test_mae,test_r2,overfitting_ratio,regularization
SVR,"{'regressor__C': 100.0, 'regressor__epsilon': 0.1, 'regressor__kernel': 'linear'}",0.3387756842273429,0.08567289678459,0.33710937753911024,0.3554011063622898,0.283293768199299,0.0030870377298177765,1.0542605161467435,Complexity parameter C + epsilon-insensitive
Ridge,{'regressor__alpha': 1000.0},0.33822957627416333,0.08791092553731226,0.33680085312461,0.3560172977155625,0.2831181122301094,-0.0003728371040292444,1.0570558073492848,L2 - Shrinks coefficients smoothly
Lasso,{'regressor__alpha': 0.1},0.3374861396882453,0.08928117407356544,0.33732204204881183,0.35626672148611865,0.2827489286595142,-0.0017750395904483351,1.0561619967738884,L1 - Feature selection via sparsity
ElasticNet,"{'regressor__alpha': 0.1, 'regressor__l1_ratio': 0.5}",0.3374861396882453,0.08928117407356544,0.33732204204881183,0.35626672148611865,0.2827489286595142,-0.0017750395904483351,1.0561619967738884,L1 + L2 - Combined benefits
RandomForest,"{'regressor__max_depth': 5, 'regressor__min_samples_split': 2, 'regressor__n_estimators': 200}",0.34023382767742966,0.08842185914396719,0.3194825801927835,0.35667009784450093,0.2834842750460489,-0.004044806066133777,1.1163992028275143,Ensemble averaging + tree constraints
XGBoost,"{'regressor__learning_rate': 0.1, 'regressor__max_depth': 3, 'regressor__n_estimators': 50, 'regressor__reg_alpha': 0, 'regressor__reg_lambda': 1.5}",0.3420736815411773,0.08760444594064122,0.31974182549763414,0.3588839566734053,0.2840234862203618,-0.016547743638066326,1.122417926134161,L1/L2 regularization + gradient boosting controls
