Model,best_params,cv_rmse_mean,cv_rmse_std,train_rmse,test_rmse,test_mae,test_r2,overfitting_ratio,regularization
RandomForest,"{'regressor__max_depth': 5, 'regressor__min_samples_split': 2, 'regressor__n_estimators': 200}",45.36978113124356,12.400639341943272,41.97097629274323,45.503706318016505,36.11076552109512,-0.0050344390719763155,1.084170785083312,Ensemble averaging + tree constraints
SVR,"{'regressor__C': 0.1, 'regressor__epsilon': 0.01, 'regressor__kernel': 'rbf'}",45.25362984259002,12.634463099712375,45.14555552776598,45.50614141881936,35.9410798178688,-0.005142009459180086,1.007987184714819,Complexity parameter C + epsilon-insensitive
Lasso,{'regressor__alpha': 1.0},45.241042364619915,12.447474137654055,45.11311835375704,45.55018609140293,35.97728211005174,-0.007088673096129705,1.0096882626073107,L1 - Feature selection via sparsity
ElasticNet,"{'regressor__alpha': 1.0, 'regressor__l1_ratio': 0.1}",45.22614607869899,12.5364562008714,45.069297939189724,45.638493830665546,36.08562720893878,-0.01099732590768765,1.01262934896931,L1 + L2 - Combined benefits
XGBoost,"{'regressor__learning_rate': 0.1, 'regressor__max_depth': 3, 'regressor__n_estimators': 50, 'regressor__reg_alpha': 1.0, 'regressor__reg_lambda': 1.5}",45.57489683883114,11.63231741514187,41.40577166567227,45.657983608310815,36.387463199767424,-0.011860996845002303,1.1026961163040918,L1/L2 regularization + gradient boosting controls
Ridge,{'regressor__alpha': 1000.0},45.232613224675006,12.506949962702182,45.03813839643594,45.706874874683685,36.14798105602876,-0.014029189518319107,1.0148482264600143,L2 - Shrinks coefficients smoothly
