{
  "Ridge": {
    "best_params": {
      "regressor__alpha": 1000.0
    },
    "cv_rmse_mean": 45.232613224675006,
    "cv_rmse_std": 12.506949962702182,
    "train_rmse": 45.03813839643594,
    "test_rmse": 45.706874874683685,
    "test_mae": 36.14798105602876,
    "test_r2": -0.014029189518319107,
    "overfitting_ratio": 1.0148482264600143,
    "regularization": "L2 - Shrinks coefficients smoothly"
  },
  "Lasso": {
    "best_params": {
      "regressor__alpha": 1.0
    },
    "cv_rmse_mean": 45.241042364619915,
    "cv_rmse_std": 12.447474137654055,
    "train_rmse": 45.11311835375704,
    "test_rmse": 45.55018609140293,
    "test_mae": 35.97728211005174,
    "test_r2": -0.007088673096129705,
    "overfitting_ratio": 1.0096882626073107,
    "regularization": "L1 - Feature selection via sparsity"
  },
  "ElasticNet": {
    "best_params": {
      "regressor__alpha": 1.0,
      "regressor__l1_ratio": 0.1
    },
    "cv_rmse_mean": 45.22614607869899,
    "cv_rmse_std": 12.5364562008714,
    "train_rmse": 45.069297939189724,
    "test_rmse": 45.638493830665546,
    "test_mae": 36.08562720893878,
    "test_r2": -0.01099732590768765,
    "overfitting_ratio": 1.01262934896931,
    "regularization": "L1 + L2 - Combined benefits"
  },
  "RandomForest": {
    "best_params": {
      "regressor__max_depth": 5,
      "regressor__min_samples_split": 2,
      "regressor__n_estimators": 200
    },
    "cv_rmse_mean": 45.36978113124356,
    "cv_rmse_std": 12.400639341943272,
    "train_rmse": 41.97097629274323,
    "test_rmse": 45.503706318016505,
    "test_mae": 36.11076552109512,
    "test_r2": -0.0050344390719763155,
    "overfitting_ratio": 1.084170785083312,
    "regularization": "Ensemble averaging + tree constraints"
  },
  "SVR": {
    "best_params": {
      "regressor__C": 0.1,
      "regressor__epsilon": 0.01,
      "regressor__kernel": "rbf"
    },
    "cv_rmse_mean": 45.25362984259002,
    "cv_rmse_std": 12.634463099712375,
    "train_rmse": 45.14555552776598,
    "test_rmse": 45.50614141881936,
    "test_mae": 35.9410798178688,
    "test_r2": -0.005142009459180086,
    "overfitting_ratio": 1.007987184714819,
    "regularization": "Complexity parameter C + epsilon-insensitive"
  },
  "XGBoost": {
    "best_params": {
      "regressor__learning_rate": 0.1,
      "regressor__max_depth": 3,
      "regressor__n_estimators": 50,
      "regressor__reg_alpha": 1.0,
      "regressor__reg_lambda": 1.5
    },
    "cv_rmse_mean": 45.57489683883114,
    "cv_rmse_std": 11.63231741514187,
    "train_rmse": 41.40577166567227,
    "test_rmse": 45.657983608310815,
    "test_mae": 36.387463199767424,
    "test_r2": -0.011860996845002303,
    "overfitting_ratio": 1.1026961163040918,
    "regularization": "L1/L2 regularization + gradient boosting controls"
  }
}